{"adrien":{"mu":24.0733111127,"sigma":3.36484397439},"alan":{"mu":33.2196124846,"sigma":4.88041228295},"cyril":{"mu":21.087637894,"sigma":3.21888861081},"martin":{"mu":23.1424767167,"sigma":6.60263950073},"hippolyte":{"mu":14.7368860316,"sigma":6.04167438675},"reda":{"mu":27.3322040505,"sigma":6.24142253831},"tierry":{"mu":16.2328692277,"sigma":4.6001013038},"clement":{"mu":14.5180164031,"sigma":4.28698340081},"louis":{"mu":12.9272264072,"sigma":5.13564749258},"francois":{"mu":15.5367946824,"sigma":4.18348367362},"serge":{"mu":21.3317022497,"sigma":4.64611621216},"ALN":{"mu":16.677126058,"sigma":6.69492394887},"cosimo":{"mu":19.8977901916,"sigma":2.87653326407},"denis":{"mu":20.3761743305,"sigma":4.95028072094},"nicolas":{"mu":14.3911883446,"sigma":3.48291563515},"bertrand":{"mu":14.9855121063,"sigma":6.05882812072},"laurent":{"mu":14.1119048368,"sigma":4.00384709954},"romain":{"mu":22.1517832549,"sigma":3.62880097857},"lol":{"mu":28.7626491554,"sigma":4.56849470215},"vasyl":{"mu":13.2857349322,"sigma":4.41916393741},"igor":{"mu":5.6989180563,"sigma":5.69595394569},"benjamin":{"mu":15.0066693022,"sigma":4.54971785753},"sigbjorn":{"mu":20.0673760678,"sigma":7.4525669238},"olivier":{"mu":18.5484944691,"sigma":6.70417826776},"laetitia":{"mu":10.801813493,"sigma":6.98805271283},"louise_anne":{"mu":10.0491713237,"sigma":4.27849339137},"genevieve":{"mu":12.344381538,"sigma":5.87968234919}}