{"adrien":{"mu":22.8424915306,"sigma":3.53285872229},"alan":{"mu":33.2196124846,"sigma":4.88041228295},"cyril":{"mu":21.087637894,"sigma":3.21888861081},"martin":{"mu":23.1424767167,"sigma":6.60263950073},"hippolyte":{"mu":14.7368860316,"sigma":6.04167438675},"reda":{"mu":27.3322040505,"sigma":6.24142253831},"tierry":{"mu":16.2328692277,"sigma":4.6001013038},"clement":{"mu":14.5180164031,"sigma":4.28698340081},"louis":{"mu":12.9272264072,"sigma":5.13564749258},"francois":{"mu":16.5923123644,"sigma":4.36594763246},"serge":{"mu":22.6649911392,"sigma":4.90709399238},"ALN":{"mu":16.677126058,"sigma":6.69492394887},"cosimo":{"mu":19.4221530847,"sigma":2.93013182692},"denis":{"mu":21.6149708426,"sigma":5.20941776282},"nicolas":{"mu":14.3911883446,"sigma":3.48291563515},"bertrand":{"mu":14.9855121063,"sigma":6.05882812072},"laurent":{"mu":14.1119048368,"sigma":4.00384709954},"romain":{"mu":22.1517832549,"sigma":3.62880097857},"lol":{"mu":28.7626491554,"sigma":4.56849470215},"vasyl":{"mu":13.2857349322,"sigma":4.41916393741},"igor":{"mu":5.6989180563,"sigma":5.69595394569},"benjamin":{"mu":13.9791163508,"sigma":4.74438453345},"sigbjorn":{"mu":20.0673760678,"sigma":7.4525669238},"olivier":{"mu":18.5484944691,"sigma":6.70417826776},"laetitia":{"mu":10.801813493,"sigma":6.98805271283},"louise_anne":{"mu":10.9479835639,"sigma":4.43713527269},"genevieve":{"mu":12.344381538,"sigma":5.87968234919}}