{"adrien":{"mu":23.8309097824,"sigma":3.95908542187},"alan":{"mu":29.9404383472,"sigma":5.68822529354},"cyril":{"mu":20.5624351495,"sigma":3.43688780898},"martin":{"mu":23.1424767167,"sigma":6.60263950073},"hippolyte":{"mu":14.7368860316,"sigma":6.04167438675},"reda":{"mu":27.3322040505,"sigma":6.24142253831},"tierry":{"mu":19.7803391315,"sigma":5.11134166167},"clement":{"mu":11.7472625963,"sigma":4.99428051012},"louis":{"mu":13.1729708069,"sigma":5.23473134096},"francois":{"mu":16.8652148106,"sigma":4.51236677228},"serge":{"mu":22.6002362892,"sigma":4.9343152416},"ALN":{"mu":16.677126058,"sigma":6.69492394887},"cosimo":{"mu":19.5738236955,"sigma":3.26024481338},"denis":{"mu":22.2731094121,"sigma":6.27621030781},"nicolas":{"mu":14.5061618741,"sigma":3.82080291987},"bertrand":{"mu":14.9855121063,"sigma":6.05882812072},"laurent":{"mu":13.7571645124,"sigma":4.6724309512},"romain":{"mu":22.6487231152,"sigma":4.27136136704},"lol":{"mu":24.5686443265,"sigma":5.15158581059},"vasyl":{"mu":13.2857349322,"sigma":4.41916393741},"igor":{"mu":5.6989180563,"sigma":5.69595394569},"benjamin":{"mu":15.6991894149,"sigma":5.07008995039},"sigbjorn":{"mu":20.0673760678,"sigma":7.4525669238},"olivier":{"mu":18.5484944691,"sigma":6.70417826776},"laetitia":{"mu":10.801813493,"sigma":6.98805271283},"louise_anne":{"mu":11.9683853442,"sigma":5.12161783068},"genevieve":{"mu":14.7523760132,"sigma":6.4539482441}}