{"adrien":{"mu":24.7612019137,"sigma":4.29631615322},"alan":{"mu":25.7881553889,"sigma":6.70692774043},"cyril":{"mu":19.1455203885,"sigma":4.13454537458},"martin":{"mu":18,"sigma":8},"hippolyte":{"mu":14.7368860316,"sigma":6.04167438675},"reda":{"mu":27.3322040505,"sigma":6.24142253831},"tierry":{"mu":20.4820986864,"sigma":5.91583154215},"clement":{"mu":14.122072513,"sigma":5.41919546467},"louis":{"mu":13.1729708069,"sigma":5.23473134096},"francois":{"mu":17.3802917363,"sigma":4.64269252766},"serge":{"mu":23.4010472365,"sigma":5.43147776936},"ALN":{"mu":18,"sigma":8},"cosimo":{"mu":17.4878007692,"sigma":4.02441514619},"denis":{"mu":16.7430944979,"sigma":7.59558758531},"nicolas":{"mu":14.2416064688,"sigma":5.19160629341},"bertrand":{"mu":14.9855121063,"sigma":6.05882812072},"laurent":{"mu":16.0112594232,"sigma":7.44836361189},"romain":{"mu":23.7898004225,"sigma":4.45945380215},"lol":{"mu":23.2954297796,"sigma":6.21532368307},"vasyl":{"mu":13.8795651798,"sigma":4.92672999969},"igor":{"mu":8.29733831117,"sigma":6.16457167249},"benjamin":{"mu":12.9407498217,"sigma":5.76626840866},"sigbjorn":{"mu":18,"sigma":8},"olivier":{"mu":21.7008135562,"sigma":7.36326011064},"laetitia":{"mu":10.801813493,"sigma":6.98805271283},"louise_anne":{"mu":16.7430944979,"sigma":7.59558758531},"genevieve":{"mu":20.0680809505,"sigma":7.39208414506}}