{"adrien":{"mu":23.4399534632,"sigma":4.04460190027},"alan":{"mu":28.3053701597,"sigma":6.08051439328},"cyril":{"mu":18.8981613001,"sigma":3.64642993748},"martin":{"mu":23.1424767167,"sigma":6.60263950073},"hippolyte":{"mu":14.7368860316,"sigma":6.04167438675},"reda":{"mu":27.3322040505,"sigma":6.24142253831},"tierry":{"mu":21.0536927045,"sigma":5.33683604412},"clement":{"mu":13.3010314312,"sigma":5.24328485742},"louis":{"mu":13.1729708069,"sigma":5.23473134096},"francois":{"mu":17.3802917363,"sigma":4.64269252766},"serge":{"mu":22.6002362892,"sigma":4.9343152416},"ALN":{"mu":19.7890384243,"sigma":7.42081134934},"cosimo":{"mu":19.0285306008,"sigma":3.56580286238},"denis":{"mu":16.7430944979,"sigma":7.59558758531},"nicolas":{"mu":14.6774030342,"sigma":4.54247521667},"bertrand":{"mu":14.9855121063,"sigma":6.05882812072},"laurent":{"mu":13.1889710564,"sigma":5.03895030914},"romain":{"mu":22.6487231152,"sigma":4.27136136704},"lol":{"mu":27.354373851,"sigma":5.5462131641},"vasyl":{"mu":11.8315014169,"sigma":4.611413442},"igor":{"mu":8.29733831117,"sigma":6.16457167249},"benjamin":{"mu":15.6991894149,"sigma":5.07008995039},"sigbjorn":{"mu":20.0673760678,"sigma":7.4525669238},"olivier":{"mu":18.5484944691,"sigma":6.70417826776},"laetitia":{"mu":10.801813493,"sigma":6.98805271283},"louise_anne":{"mu":14.8966055996,"sigma":6.29898693505},"genevieve":{"mu":14.7523760132,"sigma":6.4539482441}}