{"adrien":{"mu":22.696534835,"sigma":3.7507684734},"alan":{"mu":33.1555679312,"sigma":4.90717058299},"cyril":{"mu":21.087637894,"sigma":3.21888861081},"martin":{"mu":23.1424767167,"sigma":6.60263950073},"hippolyte":{"mu":14.7368860316,"sigma":6.04167438675},"reda":{"mu":27.3322040505,"sigma":6.24142253831},"tierry":{"mu":16.2328692277,"sigma":4.6001013038},"clement":{"mu":13.213321141,"sigma":4.49525426823},"louis":{"mu":12.9982320263,"sigma":5.16704867677},"francois":{"mu":16.5923123644,"sigma":4.36594763246},"serge":{"mu":22.6002362892,"sigma":4.9343152416},"ALN":{"mu":16.677126058,"sigma":6.69492394887},"cosimo":{"mu":18.7154934657,"sigma":3.11760692633},"denis":{"mu":24.2100193458,"sigma":5.64709386307},"nicolas":{"mu":13.3408323048,"sigma":3.592121204},"bertrand":{"mu":14.9855121063,"sigma":6.05882812072},"laurent":{"mu":15.3549513956,"sigma":4.16892562698},"romain":{"mu":22.41429934,"sigma":3.86718991189},"lol":{"mu":27.0962689969,"sigma":4.8271359852},"vasyl":{"mu":13.2857349322,"sigma":4.41916393741},"igor":{"mu":5.6989180563,"sigma":5.69595394569},"benjamin":{"mu":15.6991894149,"sigma":5.07008995039},"sigbjorn":{"mu":20.0673760678,"sigma":7.4525669238},"olivier":{"mu":18.5484944691,"sigma":6.70417826776},"laetitia":{"mu":10.801813493,"sigma":6.98805271283},"louise_anne":{"mu":11.3941777454,"sigma":4.96547941779},"genevieve":{"mu":14.7523760132,"sigma":6.4539482441}}