{"adrien":{"mu":24.1785462948,"sigma":3.0102309652},"alan":{"mu":34.4498043144,"sigma":4.58538219287},"cyril":{"mu":21.4694260082,"sigma":3.14254261199},"martin":{"mu":23.9758737208,"sigma":6.28673805023},"hippolyte":{"mu":14.7368860316,"sigma":6.04167438675},"reda":{"mu":28.7889435286,"sigma":5.84322457787},"tierry":{"mu":16.3438267793,"sigma":4.28744846694},"clement":{"mu":14.5180164031,"sigma":4.28698340081},"louis":{"mu":12.9272264072,"sigma":5.13564749258},"francois":{"mu":14.476836845,"sigma":3.97745062909},"serge":{"mu":22.9410607107,"sigma":4.32416707634},"ALN":{"mu":16.677126058,"sigma":6.69492394887},"cosimo":{"mu":18.452216686,"sigma":2.72954225624},"denis":{"mu":17.6186396793,"sigma":4.44780575321},"nicolas":{"mu":12.575830828,"sigma":3.26725432806},"bertrand":{"mu":14.9855121063,"sigma":6.05882812072},"laurent":{"mu":15.2171349764,"sigma":3.50375507828},"romain":{"mu":20.447033056,"sigma":3.43443587339},"lol":{"mu":30.0652100166,"sigma":4.09336939224},"vasyl":{"mu":15.1522248926,"sigma":4.09152189217},"igor":{"mu":5.6989180563,"sigma":5.69595394569},"benjamin":{"mu":15.6703630081,"sigma":4.02955637933},"sigbjorn":{"mu":20.0673760678,"sigma":7.4525669238},"olivier":{"mu":18.5484944691,"sigma":6.70417826776},"laetitia":{"mu":10.801813493,"sigma":6.98805271283},"louise_anne":{"mu":11.304220027,"sigma":3.87243471048},"genevieve":{"mu":12.344381538,"sigma":5.87968234919},"jean":{"mu":22.2876451254,"sigma":6.99094947007}}