{"adrien":{"mu":22.9651135556,"sigma":4.12086642354},"alan":{"mu":25.7881553889,"sigma":6.70692774043},"cyril":{"mu":20.4021644105,"sigma":3.7812448977},"martin":{"mu":20.0673760678,"sigma":7.4525669238},"hippolyte":{"mu":14.7368860316,"sigma":6.04167438675},"reda":{"mu":27.3322040505,"sigma":6.24142253831},"tierry":{"mu":21.0536927045,"sigma":5.33683604412},"clement":{"mu":14.122072513,"sigma":5.41919546467},"louis":{"mu":13.1729708069,"sigma":5.23473134096},"francois":{"mu":17.3802917363,"sigma":4.64269252766},"serge":{"mu":22.6002362892,"sigma":4.9343152416},"ALN":{"mu":18,"sigma":8},"cosimo":{"mu":17.5954258855,"sigma":3.69100117501},"denis":{"mu":16.7430944979,"sigma":7.59558758531},"nicolas":{"mu":12.2263837032,"sigma":4.82752524658},"bertrand":{"mu":14.9855121063,"sigma":6.05882812072},"laurent":{"mu":18.4758771605,"sigma":5.89156980809},"romain":{"mu":23.7898004225,"sigma":4.45945380215},"lol":{"mu":27.354373851,"sigma":5.5462131641},"vasyl":{"mu":11.8315014169,"sigma":4.611413442},"igor":{"mu":8.29733831117,"sigma":6.16457167249},"benjamin":{"mu":16.463254655,"sigma":5.22773740164},"sigbjorn":{"mu":20.0673760678,"sigma":7.4525669238},"olivier":{"mu":18.5484944691,"sigma":6.70417826776},"laetitia":{"mu":10.801813493,"sigma":6.98805271283},"louise_anne":{"mu":14.8966055996,"sigma":6.29898693505},"genevieve":{"mu":14.7523760132,"sigma":6.4539482441}}