{"adrien":{"mu":24.478341722,"sigma":2.9687093827},"alan":{"mu":34.4498043144,"sigma":4.58538219287},"cyril":{"mu":21.1427176082,"sigma":3.09506757492},"martin":{"mu":22.6690419159,"sigma":5.88904317936},"hippolyte":{"mu":14.7368860316,"sigma":6.04167438675},"reda":{"mu":28.7889435286,"sigma":5.84322457787},"tierry":{"mu":16.3438267793,"sigma":4.28744846694},"clement":{"mu":13.1980146423,"sigma":4.09066469869},"louis":{"mu":12.9272264072,"sigma":5.13564749258},"francois":{"mu":15.6131735276,"sigma":3.82139576702},"serge":{"mu":22.9410607107,"sigma":4.32416707634},"ALN":{"mu":16.677126058,"sigma":6.69492394887},"cosimo":{"mu":19.342715303,"sigma":2.66667732948},"denis":{"mu":15.2554801472,"sigma":4.16557402923},"nicolas":{"mu":12.575830828,"sigma":3.26725432806},"bertrand":{"mu":14.9855121063,"sigma":6.05882812072},"laurent":{"mu":16.0990361413,"sigma":3.39794225661},"romain":{"mu":19.0376941896,"sigma":3.30684236675},"lol":{"mu":30.6193691524,"sigma":3.98630817812},"vasyl":{"mu":15.1522248926,"sigma":4.09152189217},"igor":{"mu":5.6989180563,"sigma":5.69595394569},"benjamin":{"mu":14.5040717826,"sigma":3.86715603298},"sigbjorn":{"mu":20.0673760678,"sigma":7.4525669238},"olivier":{"mu":18.5484944691,"sigma":6.70417826776},"laetitia":{"mu":10.801813493,"sigma":6.98805271283},"louise_anne":{"mu":13.0957260534,"sigma":3.68803420014},"genevieve":{"mu":12.344381538,"sigma":5.87968234919},"jean":{"mu":22.2876451254,"sigma":6.99094947007}}