{"adrien":{"mu":26.178368296,"sigma":4.4386063919},"alan":{"mu":21.8646957286,"sigma":7.38617679104},"cyril":{"mu":21.119488967,"sigma":4.57855549662},"martin":{"mu":18,"sigma":8},"hippolyte":{"mu":14.7368860316,"sigma":6.04167438675},"reda":{"mu":24.048500432,"sigma":6.75712095595},"tierry":{"mu":19.3012956635,"sigma":6.16415464066},"clement":{"mu":14.122072513,"sigma":5.41919546467},"louis":{"mu":14.122072513,"sigma":5.41919546467},"francois":{"mu":17.3802917363,"sigma":4.64269252766},"serge":{"mu":25.7744670005,"sigma":5.74452769147},"ALN":{"mu":18,"sigma":8},"cosimo":{"mu":15.200983112,"sigma":4.32776175038},"denis":{"mu":16.7430944979,"sigma":7.59558758531},"nicolas":{"mu":14.2416064688,"sigma":5.19160629341},"bertrand":{"mu":14.9855121063,"sigma":6.05882812072},"laurent":{"mu":18,"sigma":8},"romain":{"mu":20.8908584803,"sigma":4.89459452075},"lol":{"mu":21.9790586721,"sigma":6.50845722853},"vasyl":{"mu":18.6281257254,"sigma":5.76052470529},"igor":{"mu":8.29733831117,"sigma":6.16457167249},"benjamin":{"mu":14.1121257755,"sigma":6.02055231272},"sigbjorn":{"mu":18,"sigma":8},"olivier":{"mu":21.7008135562,"sigma":7.36326011064},"laetitia":{"mu":10.801813493,"sigma":6.98805271283},"louise_anne":{"mu":16.7430944979,"sigma":7.59558758531}}