{"adrien":{"mu":22.9651135556,"sigma":4.12086642354},"alan":{"mu":25.7881553889,"sigma":6.70692774043},"cyril":{"mu":19.7256719875,"sigma":3.87885109152},"martin":{"mu":20.0673760678,"sigma":7.4525669238},"hippolyte":{"mu":14.7368860316,"sigma":6.04167438675},"reda":{"mu":27.3322040505,"sigma":6.24142253831},"tierry":{"mu":21.0536927045,"sigma":5.33683604412},"clement":{"mu":14.122072513,"sigma":5.41919546467},"louis":{"mu":13.1729708069,"sigma":5.23473134096},"francois":{"mu":17.3802917363,"sigma":4.64269252766},"serge":{"mu":21.1331931134,"sigma":5.17399053099},"ALN":{"mu":18,"sigma":8},"cosimo":{"mu":19.0638275679,"sigma":3.88077751503},"denis":{"mu":16.7430944979,"sigma":7.59558758531},"nicolas":{"mu":13.3708278192,"sigma":5.04556624364},"bertrand":{"mu":14.9855121063,"sigma":6.05882812072},"laurent":{"mu":16.6757637306,"sigma":6.32825727922},"romain":{"mu":23.7898004225,"sigma":4.45945380215},"lol":{"mu":27.354373851,"sigma":5.5462131641},"vasyl":{"mu":13.0953519799,"sigma":4.80223035283},"igor":{"mu":8.29733831117,"sigma":6.16457167249},"benjamin":{"mu":16.463254655,"sigma":5.22773740164},"sigbjorn":{"mu":20.0673760678,"sigma":7.4525669238},"olivier":{"mu":18.5484944691,"sigma":6.70417826776},"laetitia":{"mu":10.801813493,"sigma":6.98805271283},"louise_anne":{"mu":12.3085204846,"sigma":6.87254919984},"genevieve":{"mu":14.7523760132,"sigma":6.4539482441}}