{"adrien":{"mu":24.7612019137,"sigma":4.29631615322},"alan":{"mu":25.7881553889,"sigma":6.70692774043},"cyril":{"mu":19.5150480629,"sigma":4.37441244619},"martin":{"mu":18,"sigma":8},"hippolyte":{"mu":14.7368860316,"sigma":6.04167438675},"reda":{"mu":27.3322040505,"sigma":6.24142253831},"tierry":{"mu":19.3012956635,"sigma":6.16415464066},"clement":{"mu":14.122072513,"sigma":5.41919546467},"louis":{"mu":14.122072513,"sigma":5.41919546467},"francois":{"mu":17.3802917363,"sigma":4.64269252766},"serge":{"mu":23.4010472365,"sigma":5.43147776936},"ALN":{"mu":18,"sigma":8},"cosimo":{"mu":16.6345257016,"sigma":4.15594211736},"denis":{"mu":16.7430944979,"sigma":7.59558758531},"nicolas":{"mu":14.2416064688,"sigma":5.19160629341},"bertrand":{"mu":14.9855121063,"sigma":6.05882812072},"laurent":{"mu":18,"sigma":8},"romain":{"mu":22.7243640187,"sigma":4.64414865947},"lol":{"mu":21.9790586721,"sigma":6.50845722853},"vasyl":{"mu":16.0886861731,"sigma":5.34739392901},"igor":{"mu":8.29733831117,"sigma":6.16457167249},"benjamin":{"mu":14.1121257755,"sigma":6.02055231272},"sigbjorn":{"mu":18,"sigma":8},"olivier":{"mu":21.7008135562,"sigma":7.36326011064},"laetitia":{"mu":10.801813493,"sigma":6.98805271283},"louise_anne":{"mu":16.7430944979,"sigma":7.59558758531}}