{"adrien":{"mu":22.696534835,"sigma":3.7507684734},"alan":{"mu":32.4243593815,"sigma":5.12080473838},"cyril":{"mu":20.7647057553,"sigma":3.27002684718},"martin":{"mu":23.1424767167,"sigma":6.60263950073},"hippolyte":{"mu":14.7368860316,"sigma":6.04167438675},"reda":{"mu":27.3322040505,"sigma":6.24142253831},"tierry":{"mu":16.2328692277,"sigma":4.6001013038},"clement":{"mu":13.3447083054,"sigma":4.53897780231},"louis":{"mu":13.1729708069,"sigma":5.23473134096},"francois":{"mu":16.4685175227,"sigma":4.40583647832},"serge":{"mu":22.6002362892,"sigma":4.9343152416},"ALN":{"mu":16.677126058,"sigma":6.69492394887},"cosimo":{"mu":19.2391884801,"sigma":3.20256298296},"denis":{"mu":22.2731094121,"sigma":6.27621030781},"nicolas":{"mu":14.0466429671,"sigma":3.72685331424},"bertrand":{"mu":14.9855121063,"sigma":6.05882812072},"laurent":{"mu":14.9580573666,"sigma":4.25779060418},"romain":{"mu":22.433467217,"sigma":4.01510607841},"lol":{"mu":27.0962689969,"sigma":4.8271359852},"vasyl":{"mu":13.2857349322,"sigma":4.41916393741},"igor":{"mu":5.6989180563,"sigma":5.69595394569},"benjamin":{"mu":15.6991894149,"sigma":5.07008995039},"sigbjorn":{"mu":20.0673760678,"sigma":7.4525669238},"olivier":{"mu":18.5484944691,"sigma":6.70417826776},"laetitia":{"mu":10.801813493,"sigma":6.98805271283},"louise_anne":{"mu":11.9683853442,"sigma":5.12161783068},"genevieve":{"mu":14.7523760132,"sigma":6.4539482441}}