{"adrien":{"mu":24.0093914662,"sigma":3.04630202179},"alan":{"mu":33.2196124846,"sigma":4.88041228295},"cyril":{"mu":21.087637894,"sigma":3.21888861081},"martin":{"mu":23.1424767167,"sigma":6.60263950073},"hippolyte":{"mu":14.7368860316,"sigma":6.04167438675},"reda":{"mu":28.7889435286,"sigma":5.84322457787},"tierry":{"mu":16.2328692277,"sigma":4.6001013038},"clement":{"mu":14.5180164031,"sigma":4.28698340081},"louis":{"mu":12.9272264072,"sigma":5.13564749258},"francois":{"mu":15.5367946824,"sigma":4.18348367362},"serge":{"mu":21.3317022497,"sigma":4.64611621216},"ALN":{"mu":16.677126058,"sigma":6.69492394887},"cosimo":{"mu":18.5906715176,"sigma":2.75580689797},"denis":{"mu":18.7341694324,"sigma":4.72151846251},"nicolas":{"mu":12.9809844899,"sigma":3.35530153637},"bertrand":{"mu":14.9855121063,"sigma":6.05882812072},"laurent":{"mu":16.4808061642,"sigma":3.7207019191},"romain":{"mu":20.447033056,"sigma":3.43443587339},"lol":{"mu":30.1314241694,"sigma":4.33725754632},"vasyl":{"mu":14.5665191601,"sigma":4.21031943496},"igor":{"mu":5.6989180563,"sigma":5.69595394569},"benjamin":{"mu":15.6703630081,"sigma":4.02955637933},"sigbjorn":{"mu":20.0673760678,"sigma":7.4525669238},"olivier":{"mu":18.5484944691,"sigma":6.70417826776},"laetitia":{"mu":10.801813493,"sigma":6.98805271283},"louise_anne":{"mu":11.0203509424,"sigma":3.93998497245},"genevieve":{"mu":12.344381538,"sigma":5.87968234919},"jean":{"mu":22.2876451254,"sigma":6.99094947007}}