{"adrien":{"mu":23.0647733718,"sigma":3.1363140559},"alan":{"mu":33.2196124846,"sigma":4.88041228295},"cyril":{"mu":21.087637894,"sigma":3.21888861081},"martin":{"mu":23.1424767167,"sigma":6.60263950073},"hippolyte":{"mu":14.7368860316,"sigma":6.04167438675},"reda":{"mu":28.7889435286,"sigma":5.84322457787},"tierry":{"mu":16.2328692277,"sigma":4.6001013038},"clement":{"mu":14.5180164031,"sigma":4.28698340081},"louis":{"mu":12.9272264072,"sigma":5.13564749258},"francois":{"mu":15.5367946824,"sigma":4.18348367362},"serge":{"mu":21.3317022497,"sigma":4.64611621216},"ALN":{"mu":16.677126058,"sigma":6.69492394887},"cosimo":{"mu":19.8977901916,"sigma":2.87653326407},"denis":{"mu":18.7341694324,"sigma":4.72151846251},"nicolas":{"mu":12.9809844899,"sigma":3.35530153637},"bertrand":{"mu":14.9855121063,"sigma":6.05882812072},"laurent":{"mu":16.4808061642,"sigma":3.7207019191},"romain":{"mu":21.2692176283,"sigma":3.54032975106},"lol":{"mu":28.7626491554,"sigma":4.56849470215},"vasyl":{"mu":13.2857349322,"sigma":4.41916393741},"igor":{"mu":5.6989180563,"sigma":5.69595394569},"benjamin":{"mu":17.4124832768,"sigma":4.25991220522},"sigbjorn":{"mu":20.0673760678,"sigma":7.4525669238},"olivier":{"mu":18.5484944691,"sigma":6.70417826776},"laetitia":{"mu":10.801813493,"sigma":6.98805271283},"louise_anne":{"mu":9.36449744047,"sigma":4.15306002367},"genevieve":{"mu":12.344381538,"sigma":5.87968234919},"jean":{"mu":22.2876451254,"sigma":6.99094947007}}