{"adrien":{"mu":23.6049956024,"sigma":3.6311206481},"alan":{"mu":33.1555679312,"sigma":4.90717058299},"cyril":{"mu":21.087637894,"sigma":3.21888861081},"martin":{"mu":23.1424767167,"sigma":6.60263950073},"hippolyte":{"mu":14.7368860316,"sigma":6.04167438675},"reda":{"mu":27.3322040505,"sigma":6.24142253831},"tierry":{"mu":16.2328692277,"sigma":4.6001013038},"clement":{"mu":14.5180164031,"sigma":4.28698340081},"louis":{"mu":12.9982320263,"sigma":5.16704867677},"francois":{"mu":16.5923123644,"sigma":4.36594763246},"serge":{"mu":22.6002362892,"sigma":4.9343152416},"ALN":{"mu":16.677126058,"sigma":6.69492394887},"cosimo":{"mu":18.9071521128,"sigma":2.98379270806},"denis":{"mu":21.6149708426,"sigma":5.20941776282},"nicolas":{"mu":14.3911883446,"sigma":3.48291563515},"bertrand":{"mu":14.9855121063,"sigma":6.05882812072},"laurent":{"mu":14.1119048368,"sigma":4.00384709954},"romain":{"mu":21.3446086291,"sigma":3.73602415403},"lol":{"mu":28.7626491554,"sigma":4.56849470215},"vasyl":{"mu":13.2857349322,"sigma":4.41916393741},"igor":{"mu":5.6989180563,"sigma":5.69595394569},"benjamin":{"mu":14.0396026028,"sigma":4.76886147789},"sigbjorn":{"mu":20.0673760678,"sigma":7.4525669238},"olivier":{"mu":18.5484944691,"sigma":6.70417826776},"laetitia":{"mu":10.801813493,"sigma":6.98805271283},"louise_anne":{"mu":10.9479835639,"sigma":4.43713527269},"genevieve":{"mu":14.7523760132,"sigma":6.4539482441}}