{"adrien":{"mu":23.5745545074,"sigma":4.88154991758},"alan":{"mu":21.8646957286,"sigma":7.38617679104},"cyril":{"mu":20.4544082919,"sigma":4.99881208232},"martin":{"mu":18,"sigma":8},"hippolyte":{"mu":14.7368860316,"sigma":6.04167438675},"reda":{"mu":24.048500432,"sigma":6.75712095595},"tierry":{"mu":18.3746862747,"sigma":6.98998130656},"clement":{"mu":14.122072513,"sigma":5.41919546467},"louis":{"mu":14.122072513,"sigma":5.41919546467},"francois":{"mu":17.200942714,"sigma":4.99773214746},"serge":{"mu":23.3404736984,"sigma":6.36058173009},"ALN":{"mu":18,"sigma":8},"cosimo":{"mu":17.1713446288,"sigma":4.56691805949},"denis":{"mu":18,"sigma":8},"nicolas":{"mu":14.5131117234,"sigma":5.28289153367},"bertrand":{"mu":14.9855121063,"sigma":6.05882812072},"laurent":{"mu":18,"sigma":8},"romain":{"mu":23.1756356281,"sigma":5.16881101154},"lol":{"mu":21.9790586721,"sigma":6.50845722853},"vasyl":{"mu":13.5143526266,"sigma":7.14662896477},"igor":{"mu":8.29733831117,"sigma":6.16457167249},"benjamin":{"mu":18.6157423899,"sigma":6.94181969483},"sigbjorn":{"mu":18,"sigma":8},"olivier":{"mu":21.7008135562,"sigma":7.36326011064},"laetitia":{"mu":10.801813493,"sigma":6.98805271283}}